{"cameraMode":{"drawMode":0,"name":"Shaded","section":"Shading Mode"},"sceneLighting":false,"audioPlay":false,"sceneViewState":{"showFog":true,"showMaterialUpdate":true,"showSkybox":false,"showFlares":true,"showImageEffects":true,"showParticleSystems":true},"in2DMode":false,"pivot":{"x":1.5126724243164063,"y":1.225555419921875,"z":-2.97015380859375},"rotation":{"x":-0.07672806084156037,"y":0.012559997849166394,"z":-0.0009669179562479258,"w":-0.9969759583473206},"size":0.643588662147522,"orthographic":false}