{"cameraMode":{"drawMode":0,"name":"Shaded","section":"Shading Mode"},"sceneLighting":false,"audioPlay":false,"sceneViewState":{"showFog":true,"showMaterialUpdate":true,"showSkybox":false,"showFlares":true,"showImageEffects":true,"showParticleSystems":true},"in2DMode":false,"pivot":{"x":1.3549106121063233,"y":2.5934386253356935,"z":-2.755467653274536},"rotation":{"x":-0.1303819864988327,"y":0.028844835236668588,"z":-0.003795105032622814,"w":-0.9910410642623901},"size":1.100590705871582,"orthographic":false}