{"cameraMode":{"drawMode":0,"name":"Shaded","section":"Shading Mode"},"sceneLighting":true,"audioPlay":false,"sceneViewState":{"showFog":true,"showMaterialUpdate":true,"showSkybox":true,"showFlares":true,"showImageEffects":true,"showParticleSystems":true},"in2DMode":false,"pivot":{"x":534.470458984375,"y":104.01224517822266,"z":58.97986602783203},"rotation":{"x":-0.09803154319524765,"y":0.10191918164491654,"z":-0.010093416087329388,"w":-0.989905059337616},"size":236.44656372070313,"orthographic":false}