{"cameraMode":{"drawMode":0,"name":"Shaded","section":"Shading Mode"},"sceneLighting":true,"audioPlay":false,"sceneViewState":{"showFog":true,"showMaterialUpdate":true,"showSkybox":true,"showFlares":true,"showImageEffects":true,"showParticleSystems":true},"in2DMode":false,"pivot":{"x":25.654382705688478,"y":2.74245548248291,"z":-5.541399955749512},"rotation":{"x":-0.1372586488723755,"y":-0.01575096882879734,"z":0.002184843411669135,"w":-0.990422785282135},"size":3.7961668968200685,"orthographic":false}