{"cameraMode":{"drawMode":0,"name":"Shaded","section":"Shading Mode"},"sceneLighting":true,"audioPlay":false,"sceneViewState":{"showFog":true,"showMaterialUpdate":true,"showSkybox":true,"showFlares":true,"showImageEffects":true,"showParticleSystems":true},"in2DMode":false,"pivot":{"x":0.21985283493995667,"y":2.058210611343384,"z":1.7810277938842774},"rotation":{"x":-0.07672806084156037,"y":0.012559997849166394,"z":-0.0009669179562479258,"w":-0.9969759583473206},"size":6.710068702697754,"orthographic":false}